day,sizebin1,sizebin2,sizebin3,sizebin4,sizebin5,sizebin6,,Day 1= December 1st (no specific year- they  are calculated by a model- day 335 is Dec 1 on Camila's set up)
1,2.51E-05,0.101524443,13.18984655,35.10667211,34.35755004,41.9763349,,
2,2.52E-05,0.097622989,12.90684512,35.28262306,34.56219877,42.07866867,,
3,2.54E-05,0.093788757,12.63216991,35.45549803,34.76447698,42.18151192,,
4,2.55E-05,0.090027474,12.36476064,35.62147431,34.96233639,42.28374179,,
5,2.56E-05,0.086349478,12.10252557,35.77314573,35.15182678,42.38322845,,
6,2.58E-05,0.082748696,11.84669326,35.91486226,35.33526828,42.48122283,,
7,2.59E-05,0.079239872,11.59604539,36.04216726,35.50934753,42.57495492,,
8,2.60E-05,0.075820552,11.35078479,36.15580276,35.67461618,42.66488592,,
9,2.62E-05,0.072491504,11.11108712,36.25654805,35.83170513,42.75162611,,
10,2.63E-05,0.069264393,10.87688788,36.34468145,35.98101489,42.83582182,,
11,2.65E-05,0.066139467,10.64804273,36.4196041,36.12207357,42.91703561,,
12,2.66E-05,0.063119667,10.42450292,36.48129964,36.25492837,42.9953935,,
13,2.68E-05,0.060203604,10.2063936,36.5305276,36.38024814,43.07157017,,
14,2.69E-05,0.057395893,9.993598826,36.5669718,36.49783985,43.1454796,,
15,2.71E-05,0.054698457,9.786004566,36.59041483,36.60749663,43.2168899,,
16,2.73E-05,0.052097703,9.58165159,36.59449281,36.70159462,43.27559804,,
17,2.74E-05,0.049570757,9.377594767,36.57023604,36.76458337,43.29806523,,
18,2.76E-05,0.047111217,9.174438015,36.52756906,36.79565921,43.27373953,,
19,2.77E-05,0.044731992,8.976557969,36.48940559,36.80651564,43.20656489,,
20,2.79E-05,0.042448339,8.788397115,36.47717457,36.81175233,43.10718563,,
21,2.80E-05,0.040274812,8.614469677,36.51272399,36.83036226,42.99463687,,
22,2.81E-05,0.03822057,8.457161961,36.60766497,36.8789388,42.89140462,,
23,2.83E-05,0.03627995,8.315848319,36.75929654,36.96004094,42.80486783,,
24,2.84E-05,0.034441236,8.188242013,36.95681027,37.07000908,42.73705159,,
25,2.85E-05,0.032690495,8.071084092,37.18429529,37.19976605,42.68371346,,
26,2.85E-05,0.031024186,7.963379974,37.43558433,37.34868404,42.64940294,,
27,2.86E-05,0.029434209,7.863201697,37.70022145,37.5100597,42.63030933,,
28,2.86E-05,0.027913332,7.76877255,37.96844633,37.67839101,42.6243861,,
29,2.86E-05,0.026460753,7.679287965,38.23488178,37.85135522,42.6316843,,
30,2.86E-05,0.02507154,7.593354363,38.49153695,38.02465168,42.65085436,,
31,2.86E-05,0.023744018,7.510249681,38.73355534,38.19507841,42.6798225,,
32,2.86E-05,0.024299537,7.449243006,38.81752664,38.26265866,42.77368323,,
33,2.86E-05,0.022999222,7.366260395,39.0043045,38.41271752,42.81542022,,
34,2.86E-05,0.021757866,7.284199496,39.16504102,38.55238358,42.86173711,,
35,2.86E-05,0.020575712,7.203390702,39.30137038,38.68415572,42.91617409,,
36,2.86E-05,0.019452389,7.123879095,39.41334123,38.80897565,42.9805356,,
37,2.86E-05,0.018387318,7.045416441,39.49851614,38.92747525,43.05796548,,
38,2.86E-05,0.017380124,6.967894669,39.55547285,39.04066712,43.15153771,,
39,2.87E-05,0.016427331,6.890051983,39.57645764,39.1438771,43.25838505,,
40,2.88E-05,0.01552649,6.811000368,39.55573178,39.23432181,43.37768436,,
41,2.89E-05,0.014675154,6.729913673,39.48856747,39.30876608,43.50687066,,
42,2.90E-05,0.013868151,6.645019731,39.3661289,39.35813983,43.6352345,,
43,2.91E-05,0.013103371,6.556020461,39.18857921,39.38044505,43.75833674,,
44,2.93E-05,0.012378401,6.462639462,38.95705561,39.37307933,43.8696576,,
45,2.94E-05,0.011690698,6.365304691,38.67843049,39.33267184,43.95685761,,
46,2.96E-05,0.011037727,6.264187346,38.35735219,39.25641221,44.01028892,,
47,2.98E-05,0.010417481,6.161263072,38.01203448,39.14534477,44.01623092,,
48,3.00E-05,0.009828781,6.058837214,37.6625103,39.00551131,43.96882015,,
49,3.03E-05,0.009273231,5.960381292,37.33459569,38.85176777,43.87421508,,
50,3.05E-05,0.008752889,5.869443299,37.0537849,38.70449067,43.74963839,,
51,3.07E-05,0.008270631,5.785681675,36.85597412,38.60111778,43.63472274,,
52,3.09E-05,0.007820274,5.702674956,36.70494912,38.52783471,43.52058063,,
53,3.11E-05,0.007396903,5.617064372,36.58354343,38.47985084,43.40292016,,
54,3.14E-05,0.006990812,5.527199999,36.48573097,38.45594041,43.28062769,,
55,3.16E-05,0.006598274,5.433563228,36.41183162,38.45753597,43.1556276,,
56,3.17E-05,0.006220572,5.337618271,36.36248669,38.48547882,43.02952061,,
57,3.19E-05,0.00585424,5.236313853,36.30454016,38.54088864,42.90388567,,
58,3.21E-05,0.005500891,5.131375377,36.24243207,38.62310285,42.77787325,,
59,3.23E-05,0.005154264,5.016994985,36.11576514,38.69630854,42.60535788,,
60,3.25E-05,0.004814887,4.892911229,35.91526326,38.76674806,42.37991619,,
61,3.27E-05,0.004488174,4.764692744,35.66940472,38.88322554,42.14655131,,
62,3.27E-05,0.004133415,4.584817121,35.02109293,38.72039212,41.52158274,,
63,3.36E-05,0.003911319,4.538969913,35.37219145,39.6432617,42.0603721,,
64,3.40E-05,0.003664835,4.457368589,35.45638463,40.2251906,42.29743163,,
65,3.44E-05,0.003426205,4.373946663,35.52221676,40.74271471,42.51906668,,
66,3.48E-05,0.003197101,4.289531289,35.57390697,41.1964624,42.72847835,,
67,3.51E-05,0.002978853,4.20497204,35.61321608,41.58386008,42.9241707,,
68,3.54E-05,0.002773559,4.122666163,35.64892332,41.91913452,43.12403792,,
69,3.57E-05,0.002581965,4.044008176,35.68451301,42.20729684,43.33871339,,
70,3.59E-05,0.002404995,3.971163838,35.70462555,42.45322873,43.58171466,,
71,3.62E-05,0.002241868,3.90361979,35.66795272,42.64129014,43.84316784,,
72,3.65E-05,0.002090692,3.838479256,35.53314786,42.74739293,44.09988517,,
73,3.68E-05,0.00195113,3.775185409,35.28835482,42.76384841,44.33867654,,
74,3.72E-05,0.001822747,3.712881378,34.92762544,42.69734035,44.55680644,,
75,3.75E-05,0.00170504,3.651577066,34.45349244,42.56007469,44.75387226,,
76,3.79E-05,0.001597558,3.589157971,33.88022379,42.35801026,44.92453337,,
77,3.84E-05,0.001499108,3.521128831,33.21102836,42.07382289,45.03309433,,
78,3.89E-05,0.001408857,3.448817493,32.49814125,41.73663669,45.08417345,,
79,3.94E-05,0.00132597,3.37472404,31.77271277,41.36064902,45.07486017,,
80,4.00E-05,0.001249036,3.30140711,31.05821711,40.94367203,44.97877883,,
81,4.06E-05,0.00117784,3.233441869,30.40312135,40.52030544,44.81085078,,
82,4.12E-05,0.001112795,3.17273522,29.85092685,40.12980595,44.59709677,,
83,4.18E-05,0.001052452,3.114079889,29.39571197,39.77654114,44.34828874,,
84,4.23E-05,0.000996564,3.057281397,29.04531359,39.47497219,44.07734709,,
85,4.29E-05,0.000945027,3.004068998,28.78961325,39.24556221,43.81719502,,
86,4.34E-05,0.00089735,2.954631687,28.6090164,39.08236187,43.57221025,,
87,4.39E-05,0.000852647,2.907999767,28.48728888,38.97401063,43.34368277,,
88,4.44E-05,0.000810834,2.864153157,28.42152271,38.91977279,43.13357808,,
89,4.49E-05,0.000771606,2.823011833,28.40233513,38.91056399,42.93758782,,
90,4.53E-05,0.000734714,2.784316801,28.42392683,38.9436418,42.7587236,,
91,4.56E-05,0.000699863,2.747783236,28.47616392,39.01253121,42.59513442,,
92,4.59E-05,0.000666905,2.71327921,28.55021008,39.11227888,42.44509566,,
93,4.62E-05,0.000635681,2.680654757,28.63751078,39.23775933,42.30698435,,
94,4.65E-05,0.000606048,2.649775485,28.73257235,39.38449832,42.17981902,,
95,4.67E-05,0.00057789,2.620555255,28.83379619,39.54890703,42.06340408,,
96,4.69E-05,0.00055121,2.592996645,28.94187181,39.73064964,41.95765872,,
97,4.70E-05,0.000525879,2.566998666,29.05554499,39.92476346,41.86196067,,
98,4.72E-05,0.000501875,2.542524527,29.17488328,40.1308467,41.77638204,,
99,4.73E-05,0.000479068,2.519436907,29.29909196,40.34459281,41.70059554,,
100,4.74E-05,0.000457457,2.497754348,29.42797053,40.56454205,41.63406516,,
101,4.75E-05,0.000436967,2.477421814,29.56079982,40.78631153,41.57590456,,
102,4.75E-05,0.000417582,2.45836273,29.69695415,41.00972335,41.52595613,,
103,4.76E-05,0.00039921,2.440438684,29.83502378,41.2300541,41.48313523,,
104,4.76E-05,0.000381819,2.423635049,29.97477205,41.44541965,41.44707563,,
105,4.76E-05,0.000365373,2.40794304,30.11571507,41.65372683,41.41749731,,
106,4.76E-05,0.00034988,2.393515292,30.25793428,41.85452617,41.39502354,,
107,4.76E-05,0.00033528,2.380247663,30.40061184,42.04475352,41.37884073,,
108,4.75E-05,0.000321536,2.368127392,30.54324996,42.22227524,41.36864665,,
109,4.75E-05,0.000308652,2.357272786,30.6759061,42.38848489,41.36636228,,
110,4.75E-05,0.000296585,2.347646836,30.79982978,42.5405963,41.3712741,,
111,4.74E-05,0.000285306,2.339260336,30.91282589,42.67710972,41.38347939,,
112,4.74E-05,0.000274782,2.332086653,31.01043224,42.79681964,41.40161622,,
113,4.73E-05,0.000264984,2.326120802,31.08940907,42.89837371,41.42515201,,
114,4.73E-05,0.000255882,2.321373849,31.14742255,42.98031069,41.45416883,,
115,4.73E-05,0.000247444,2.317775204,31.18374657,43.04198258,41.48727264,,
116,4.72E-05,0.000239634,2.315192447,31.1995603,43.08338582,41.52213436,,
117,4.72E-05,0.000232421,2.313647703,31.19128076,43.10290604,41.55876202,,
118,4.72E-05,0.000225777,2.313123495,31.15839369,43.10034933,41.59648124,,
119,4.72E-05,0.000219684,2.313761188,31.1096561,43.0815886,41.63637916,,
120,4.72E-05,0.000214106,2.315482633,31.04101228,43.04411252,41.67710853,,
121,4.72E-05,0.000209015,2.318285062,30.95280641,42.98828892,41.71815806,,
122,4.72E-05,0.00020438,2.322115882,30.84680791,42.91772414,41.76001458,,
123,4.73E-05,0.000200172,2.326959922,30.72371575,42.83359215,41.80241527,,
124,4.73E-05,0.000196363,2.332812026,30.58394244,42.73641603,41.84489669,,
125,4.74E-05,0.000192928,2.339662181,30.42857168,42.62792888,41.88776385,,
126,4.75E-05,0.000189854,2.347506853,30.25915039,42.51053251,41.93200975,,
127,4.76E-05,0.000187109,2.35632839,30.07621598,42.38517139,41.97712803,,
128,4.77E-05,0.000184667,2.366113894,29.88069434,42.2533487,42.02318865,,
129,4.79E-05,0.000182508,2.375997417,29.67402425,42.11454342,42.07010487,,
130,4.80E-05,0.000180607,2.386160518,29.4570147,41.97072016,42.11798236,,
131,4.82E-05,0.000178937,2.396440222,29.23068185,41.82302595,42.16686353,,
132,4.84E-05,0.00017748,2.406451999,28.99573276,41.67070762,42.21532393,,
133,4.86E-05,0.000176212,2.415876078,28.75296484,41.51356741,42.26236786,,
134,4.88E-05,0.00017511,2.424564906,28.50341575,41.35288466,42.30813984,,
135,4.91E-05,0.000174155,2.432352565,28.24861553,41.19013452,42.35333152,,
136,4.94E-05,0.000173395,2.439924097,27.99681913,41.03798387,42.41251188,,
137,4.99E-05,0.00017338,2.453143031,27.80890973,41.02816663,42.65812488,,
138,5.04E-05,0.000173473,2.457078338,27.51908255,40.98676795,42.96514569,,
139,5.10E-05,0.000173451,2.44698941,27.09071354,40.84834971,43.25167433,,
140,5.16E-05,0.000173404,2.423632472,26.5475565,40.62777689,43.51439528,,
141,5.23E-05,0.000173379,2.387255823,25.90421883,40.33359963,43.75101288,,
142,5.31E-05,0.000173434,2.338631147,25.17836048,39.97581948,43.95936642,,
143,5.41E-05,0.000173638,2.279611118,24.39487072,39.56862477,44.13808842,,
144,5.52E-05,0.000174012,2.211668436,23.56843344,39.12020999,44.2866935,,
145,5.65E-05,0.000174573,2.136697211,22.71611388,38.6400368,44.40469022,,
146,5.79E-05,0.000175334,2.056670717,21.85316812,38.13654251,44.49186727,,
147,5.95E-05,0.000176299,1.9734327,20.99190772,37.61664689,44.54845824,,
148,6.12E-05,0.000177476,1.888669081,20.14192794,37.08550061,44.57401326,,
149,6.31E-05,0.000178873,1.80385723,19.31135919,36.54800735,44.56896559,,
150,6.51E-05,0.000180498,1.720420792,18.50704223,36.00867004,44.53411009,,
151,6.73E-05,0.000182356,1.639444558,17.73340064,35.47041801,44.46966835,,
152,6.97E-05,0.000184453,1.561697495,16.99335868,34.93615087,44.37714353,,
153,7.22E-05,0.000186794,1.487842764,16.28934789,34.40828419,44.2577042,,
154,7.48E-05,0.000189378,1.41817991,15.62194206,33.88819695,44.11249508,,
155,7.76E-05,0.000192194,1.352823015,14.99055656,33.37623661,43.94205935,,
156,8.06E-05,0.000195242,1.292127908,14.39606844,32.87386678,43.74742863,,
157,8.36E-05,0.000198515,1.235917873,13.83687439,32.38078721,43.52909284,,
158,8.68E-05,0.000202009,1.184379408,13.31303239,31.89786994,43.28786736,,
159,9.01E-05,0.000205727,1.137288013,12.82305948,31.42488372,43.0241702,,
160,9.35E-05,0.000209666,1.094676787,12.36638264,30.96223184,42.7386566,,
161,9.71E-05,0.000213824,1.056337096,11.94167239,30.50961857,42.43161223,,
162,0.000100716,0.000218199,1.022207491,11.54804431,30.06715187,42.10351052,,
163,0.000104471,0.000222789,0.992137515,11.18442663,29.63423845,41.75400357,,
164,0.000108324,0.000227593,0.966023477,10.84982921,29.21073704,41.38330695,,
165,0.000112268,0.00023261,0.943787362,10.5434879,28.79563522,40.99023869,,
166,0.000116297,0.000237838,0.925316524,10.26441302,28.38860381,40.57475129,,
167,0.000120396,0.000243273,0.910609662,10.01208635,27.98755841,40.13344396,,
168,0.000124556,0.000248912,0.899610489,9.785823158,27.59171308,39.66525172,,
169,0.000128767,0.00025477,0.892401586,9.585970287,27.20205989,39.1709465,,
170,0.000133013,0.000260833,0.889027592,9.412682882,26.82055533,38.65205864,,
171,0.000137287,0.000267116,0.889557135,9.266784053,26.45353029,38.11704366,,
172,0.000141586,0.000273629,0.894017244,9.148880657,26.10819314,37.57634219,,
173,0.000145896,0.000280359,0.902327315,9.058337416,25.78895706,37.03793618,,
174,0.000150198,0.000287275,0.914369507,8.993529278,25.49565882,36.50407585,,
175,0.000154475,0.000294359,0.9300539,8.952891759,25.2270843,35.97615365,,
176,0.000158704,0.00030158,0.949368452,8.934915045,24.98087729,35.45337572,,
177,0.000162852,0.000308901,0.972403894,8.938190414,24.75440328,34.93433617,,
178,0.000166915,0.000316323,0.999218604,8.96284814,24.54783115,34.41938535,,
179,0.000170861,0.000323823,1.030013665,9.008202716,24.35970103,33.90835732,,
180,0.000174672,0.000331393,1.064934375,9.074124786,24.18954795,33.40158869,,
181,0.000178325,0.00033902,1.104130876,9.160352375,24.03668464,32.89926726,,
182,0.000181784,0.000346695,1.14800054,9.266869498,23.90059139,32.40298771,,
183,0.000185042,0.000354415,1.196619471,9.393738932,23.78104177,31.91249071,,
184,0.000188025,0.000362142,1.250914166,9.541542171,23.67546288,31.42574039,,
185,0.000190766,0.000369892,1.310496887,9.710051556,23.58491568,30.94349247,,
186,0.000193168,0.000377636,1.376546415,9.899836905,23.50714989,30.4661868,,
187,0.000195259,0.000385381,1.448739324,10.11074188,23.44278291,29.99370271,,
188,0.000196966,0.000393114,1.528320726,10.34403955,23.39033473,29.52604552,,
189,0.00019828,0.000400834,1.61543895,10.5998784,23.34962479,29.06321803,,
190,0.00019916,0.000408534,1.710934342,10.87908047,23.320047,28.60567842,,
191,0.000199564,0.000416207,1.815642498,11.18246789,23.30089593,28.15377325,,
192,0.000199493,0.000423857,1.929672594,11.51017976,23.29228599,27.70740687,,
193,0.000198889,0.000431477,2.054579986,11.86382306,23.29340382,27.26688344,,
194,0.000197733,0.000439081,2.191396735,12.24432372,23.30468083,26.83431284,,
195,0.000196009,0.000446666,2.340694457,12.65204407,23.32570307,26.40995943,,
196,0.00019368,0.000454219,2.503881466,13.08755322,23.35456888,25.99343923,,
197,0.000190745,0.000461749,2.681781005,13.5510386,23.39080849,25.5856826,,
198,0.000187197,0.00046926,2.875332204,14.04275777,23.4335567,25.18702725,,
199,0.000183034,0.000476771,3.087014604,14.56318686,23.47982392,24.79655557,,
200,0.000178262,0.000484279,3.316307656,15.11215164,23.5302506,24.41441451,,
201,0.000172911,0.000491826,3.566688619,15.68988227,23.58105303,24.03980593,,
202,0.000166979,0.000499403,3.837369873,16.29633539,23.63329642,23.67305613,,
203,0.000160526,0.000507066,4.131793855,16.93179998,23.68468547,23.31438894,,
204,0.000153601,0.000514826,4.450459205,17.59552512,23.73566238,22.96590309,,
205,0.000146256,0.000522711,4.794634596,18.28703447,23.78610296,22.62924767,,
206,0.000138589,0.000530814,5.167693625,19.00623034,23.83578112,22.30614944,,
207,0.000130653,0.000539141,5.569732793,19.75102898,23.88404824,21.99759885,,
208,0.000122529,0.00054772,6.001743307,20.51915294,23.9300608,21.70502508,,
209,0.000114353,0.0005566,6.464829177,21.30474215,23.97002526,21.42811275,,
210,0.000106168,0.000565827,6.959555052,22.10598432,24.0027652,21.16649505,,
211,9.81E-05,0.000575474,7.486992871,22.91891182,24.02577347,20.91979732,,
212,9.02E-05,0.000585561,8.044401454,23.73323981,24.03562753,20.688509,,
213,8.26E-05,0.000596094,8.631400268,24.54801188,24.03198571,20.47238549,,
214,7.54E-05,0.000607107,9.244576497,25.35242494,24.01117925,20.27089622,,
215,6.87E-05,0.000618587,9.879446088,26.13777481,23.97112621,20.08362321,,
216,6.25E-05,0.000630633,10.53358789,26.89780902,23.91041042,19.90997098,,
217,5.68E-05,0.000643361,11.2042213,27.6264846,23.82794502,19.74935342,,
218,5.17E-05,0.000656755,11.88459233,28.31539941,23.72287742,19.60124696,,
219,4.71E-05,0.000670992,12.57210642,28.95958227,23.59410518,19.4641216,,
220,4.31E-05,0.000686056,13.25916512,29.55297713,23.44234781,19.33776226,,
221,3.97E-05,0.000702027,13.94114445,30.09198157,23.26807899,19.22156377,,
222,3.67E-05,0.000719022,14.61346816,30.57350345,23.07190018,19.11468953,,
223,3.41E-05,0.000737153,15.27210244,30.99571808,22.85455624,19.01621062,,
224,3.20E-05,0.000756512,15.91162561,31.35739119,22.61734157,18.9249004,,
225,3.02E-05,0.0007772,16.52829157,31.65719786,22.36112295,18.83990222,,
226,2.87E-05,0.000799313,17.11918294,31.89860204,22.08828552,18.7601771,,
227,2.74E-05,0.000822961,17.68048592,32.08107298,21.80003003,18.68478077,,
228,2.64E-05,0.000848436,18.21543537,32.21309199,21.49954828,18.61344074,,
229,2.55E-05,0.000875868,18.72127433,32.29616801,21.18856459,18.54526991,,
230,2.48E-05,0.000905398,19.19990023,32.33829041,20.8715333,18.48176602,,
231,2.42E-05,0.000937195,19.65067436,32.34361614,20.55097106,18.42258743,,
232,2.37E-05,0.000971406,20.07496711,32.3175148,20.22991719,18.36868011,,
233,2.32E-05,0.001008168,20.47423206,32.26454777,19.91091838,18.3209682,,
234,2.29E-05,0.001047706,20.85006668,32.18676596,19.59433456,18.27895319,,
235,2.26E-05,0.001090447,21.20675197,32.08796415,19.28060066,18.24215763,,
236,2.24E-05,0.001136325,21.54216033,31.96964975,18.97082193,18.21011279,,
237,2.22E-05,0.001185864,21.861731,31.83605132,18.66554663,18.18268008,,
238,2.20E-05,0.001239394,22.16793972,31.68979824,18.36532714,18.15966129,,
239,2.18E-05,0.001296839,22.4590003,31.53197895,18.07105766,18.14073834,,
240,2.17E-05,0.001358899,22.74128215,31.36625371,17.78293551,18.12596258,,
241,2.16E-05,0.00142627,23.01943052,31.19525579,17.50117565,18.11547862,,
242,2.15E-05,0.001498924,23.29064509,31.01928411,17.22680139,18.10936506,,
243,2.14E-05,0.001576943,23.55394244,30.83869505,16.96043627,18.1076683,,
244,2.13E-05,0.001660711,23.81111479,30.65462535,16.70231036,18.11047205,,
245,2.13E-05,0.00175073,24.06400083,30.46798271,16.45263174,18.11799293,,
246,2.12E-05,0.001847489,24.3141791,30.27949508,16.21159486,18.13043429,,
247,2.11E-05,0.001951511,24.56259339,30.08931731,15.97914905,18.14783087,,
248,2.11E-05,0.002063315,24.81043939,29.89783117,15.75532597,18.17027112,,
249,2.11E-05,0.002183518,25.05816425,29.70481007,15.53990914,18.19766211,,
250,2.10E-05,0.00231272,25.30656627,29.5103515,15.33281656,18.2300079,,
251,2.10E-05,0.002451627,25.55604085,29.31428564,15.13385665,18.26722896,,
252,2.10E-05,0.002600911,25.80669414,29.11647343,14.9429113,18.30925585,,
253,2.09E-05,0.002761284,26.05859963,28.91674894,14.75984617,18.35601318,,
254,2.09E-05,0.002933844,26.31221675,28.7151807,14.58456739,18.40756037,,
255,2.09E-05,0.003119276,26.56773209,28.51162302,14.41693718,18.46382638,,
256,2.09E-05,0.003318608,26.82487672,28.30594568,14.25685588,18.5247792,,
257,2.08E-05,0.003532912,27.08327313,28.09800958,14.10422911,18.59038739,,
258,2.08E-05,0.003763086,27.34297435,27.88771751,13.95894049,18.66061427,,
259,2.08E-05,0.004010647,27.60279899,27.67495497,13.82092078,18.73539212,,
260,2.08E-05,0.004276541,27.86267231,27.45960874,13.69006067,18.81468743,,
261,2.08E-05,0.004562274,28.12169473,27.24165143,13.56628439,18.89842745,,
262,2.08E-05,0.004869364,28.37895519,27.02105762,13.44951666,18.98653874,,
263,2.08E-05,0.005199095,28.63387381,26.7977595,13.33966873,19.07896469,,
264,2.08E-05,0.0055536,28.88511826,26.57194402,13.23669268,19.17558316,,
265,2.08E-05,0.005934221,29.13200534,26.3435487,13.14050347,19.27633365,,
266,2.08E-05,0.006343401,29.37318123,26.11287526,13.05104945,19.38104381,,
267,2.08E-05,0.006783106,29.60755591,25.88006521,12.96826663,19.48959294,,
268,2.09E-05,0.007254854,29.83428532,25.64511069,12.89207949,19.60190853,,
269,2.09E-05,0.007760491,30.05235442,25.40811266,12.82241994,19.71788047,,
270,2.09E-05,0.008303993,30.26002315,25.16985605,12.75922496,19.83705608,,
271,2.10E-05,0.00888656,30.45649559,24.93023509,12.70242493,19.95942878,,
272,2.10E-05,0.009510342,30.64065374,24.68944787,12.65195246,20.08483983,,
273,2.11E-05,0.010178586,30.81185838,24.44798266,12.60774784,20.21307768,,
274,2.12E-05,0.010895742,30.96999228,24.20664401,12.56975966,20.34387331,,
275,2.12E-05,0.011663358,31.11367658,23.96547196,12.53791638,20.47709668,,
276,2.13E-05,0.012484139,31.24203568,23.72481148,12.5121545,20.61256234,,
277,2.14E-05,0.013363929,31.35626792,23.48541393,12.49240857,20.75009787,,
278,2.15E-05,0.014306218,31.45601638,23.24772591,12.47861461,20.88952109,,
279,2.16E-05,0.015313686,31.5403889,23.01208917,12.47070912,21.0306464,,
280,2.17E-05,0.016390091,31.60916891,22.77893721,12.46862258,21.1732917,,
281,2.18E-05,0.017543358,31.66442934,22.54863713,12.47221486,21.31727911,,
282,2.19E-05,0.018775678,31.70509197,22.32164743,12.481443,21.46242492,,
283,2.21E-05,0.020091235,31.7311753,22.0983948,12.49623025,21.60854743,,
284,2.22E-05,0.021495137,31.74335286,21.87933786,12.51636253,21.75513048,,
285,2.23E-05,0.022994024,31.74338879,21.66498844,12.54139716,21.90110092,,
286,2.24E-05,0.024587859,31.7281147,21.45313705,12.56856031,22.04067698,,
287,2.26E-05,0.02628192,31.71481386,21.25303138,12.59529647,22.1635746,,
288,2.27E-05,0.028110665,31.74289227,21.09069954,12.62837665,22.27418744,,
289,2.27E-05,0.030076669,31.82051171,20.97226556,12.6681404,22.370757,,
290,2.28E-05,0.032190385,31.9583466,20.90886895,12.71791662,22.45574543,,
291,2.28E-05,0.034474472,32.16670738,20.91241343,12.78426708,22.53891646,,
292,2.28E-05,0.036940238,32.43589312,20.97789484,12.87259027,22.6364116,,
293,2.27E-05,0.039583266,32.74336957,21.09026797,12.98003715,22.74840687,,
294,2.26E-05,0.042407198,33.06635972,21.23730663,13.10390593,22.87289547,,
295,2.25E-05,0.045437083,33.38948881,21.41251671,13.24254743,23.00686286,,
296,2.23E-05,0.048613831,33.69285725,21.60385806,13.38380211,23.12663256,,
297,2.21E-05,0.051950165,34.00311741,21.83221588,13.53393854,23.23778446,,
298,2.18E-05,0.0554604,34.33014818,22.11103939,13.69706188,23.34261626,,
299,2.15E-05,0.059145547,34.67484142,22.45355356,13.87595413,23.4389811,,
300,2.12E-05,0.063033238,35.06160548,22.86799155,14.08186843,23.5530232,,
301,2.09E-05,0.067142071,35.47940229,23.34986657,14.31908991,23.69633092,,
302,2.06E-05,0.071449389,35.90552129,23.87990426,14.58296446,23.86746329,,
303,2.02E-05,0.075958422,36.3204429,24.4430041,14.8712093,24.06716194,,
304,1.99E-05,0.080651758,36.70649836,25.02368014,15.18039796,24.29439497,,
305,1.95E-05,0.085509002,37.04930854,25.60713494,15.50703919,24.54786668,,
306,1.92E-05,0.090518625,37.33742479,26.17902064,15.84714011,24.82450802,,
307,1.89E-05,0.095661015,37.56333011,26.72923112,16.19830506,25.12320415,,
308,1.86E-05,0.100906318,37.72010693,27.24822189,16.55781253,25.44207619,,
309,1.83E-05,0.106231161,37.80191987,27.72715824,16.92263307,25.77811218,,
310,1.81E-05,0.111581016,37.8002449,28.15680313,17.28712465,26.1229068,,
311,1.79E-05,0.116925213,37.71945882,28.53785382,17.64934121,26.47214642,,
312,1.77E-05,0.122242906,37.5689801,28.87616342,18.00944089,26.82411262,,
313,1.76E-05,0.12753575,37.36854775,29.1844187,18.37087964,27.18156964,,
314,1.75E-05,0.132804505,37.11912465,29.46313157,18.73400144,27.54510429,,
315,1.75E-05,0.138048789,36.83330944,29.71953368,19.10188843,27.91900742,,
316,1.74E-05,0.143240704,36.5118259,29.95213521,19.47379478,28.30305678,,
317,1.74E-05,0.14835061,36.15420949,30.15805764,19.84815652,28.69595552,,
318,1.74E-05,0.153358967,35.76195934,30.33576781,20.22376138,29.09670316,,
319,1.75E-05,0.158219102,35.33491794,30.48300462,20.5980683,29.50230916,,
320,1.75E-05,0.162941105,34.87384602,30.60072919,20.97167017,29.91341385,,
321,1.76E-05,0.167476755,34.38373946,30.68965477,21.34220975,30.32694158,,
322,1.77E-05,0.171834309,33.8638541,30.74998346,21.71010877,30.74333874,,
323,1.78E-05,0.175961846,33.32017767,30.78425573,22.07292796,31.15885494,,
324,1.80E-05,0.179867025,32.75044815,30.79135192,22.43044306,31.57292506,,
325,1.81E-05,0.1834399,32.15090016,30.76721954,22.77181671,31.96730966,,
326,1.83E-05,0.186598838,31.52405082,30.72186953,23.08968384,32.32330055,,
327,1.84E-05,0.189346836,30.89785843,30.68341688,23.38883219,32.63884917,,
328,1.86E-05,0.191770884,30.29465064,30.68430827,23.68286305,32.92483194,,
329,1.87E-05,0.193907569,29.72557616,30.73987511,23.97980399,33.18882205,,
330,1.89E-05,0.195791319,29.19700978,30.86108075,24.290649,33.44603939,,
331,1.90E-05,0.197470003,28.70989521,31.04802212,24.6235039,33.71155294,,
332,1.92E-05,0.198919947,28.25524681,31.2882586,24.97685453,33.98805168,,
333,1.93E-05,0.200109087,27.82081549,31.56637743,25.34765837,34.27673898,,
334,1.93E-05,0.200998746,27.39869016,31.87026093,25.73189404,34.57609941,,
335,1.94E-05,0.201559067,26.98193482,32.18901166,26.12580042,34.88460472,,
336,1.95E-05,0.201777784,26.56606722,32.5141871,26.52722599,35.20286594,,
337,1.96E-05,0.201669885,26.14889089,32.83899467,26.93746196,35.53773506,,
338,1.96E-05,0.201209164,25.72450479,33.14974013,27.34950987,35.88374096,,
339,1.97E-05,0.20038353,25.28904088,33.43764371,27.7587697,36.23737424,,
340,1.98E-05,0.199188952,24.83991038,33.69568734,28.1610961,36.59519491,,
341,1.98E-05,0.197628083,24.37610206,33.91950003,28.55307198,36.95377713,,
342,1.99E-05,0.195702405,23.89699339,34.10627281,28.93161599,37.30938337,,
343,2.00E-05,0.193435864,23.40444101,34.25725429,29.296082,37.66088065,,
344,2.02E-05,0.190839269,22.89895641,34.37136679,29.64453167,38.00576903,,
345,2.03E-05,0.187945748,22.38399751,34.45184287,29.97705262,38.34315085,,
346,2.05E-05,0.184778402,21.86141924,34.49988139,30.29286431,38.67151915,,
347,2.07E-05,0.181375622,21.33483742,34.51971559,30.59274575,38.9906322,,
348,2.09E-05,0.177765146,20.80643767,34.51366897,30.87660088,39.29951059,,
349,2.11E-05,0.173979009,20.27864551,34.4850501,31.14495899,39.59768659,,
350,2.14E-05,0.170040517,19.75312323,34.43612157,31.39739182,39.88333047,,
351,2.16E-05,0.165972804,19.23140272,34.36924616,31.63355094,40.15462881,,
352,2.19E-05,0.161782485,18.71465824,34.28706735,31.85037815,40.40432049,,
353,2.21E-05,0.157479224,18.20409001,34.19244078,32.04549311,40.62625095,,
354,2.24E-05,0.153061205,17.70070641,34.09350317,32.2169967,40.810859,,
355,2.27E-05,0.148552765,17.20810981,34.00118382,32.36692269,40.9545841,,
356,2.29E-05,0.143997829,16.73265417,33.9333205,32.50496462,41.06344667,,
357,2.32E-05,0.139459197,16.2864372,33.91207671,32.64371803,41.14772475,,
358,2.35E-05,0.134993966,15.86671418,33.93746777,32.7968595,41.23136331,,
359,2.37E-05,0.130597015,15.47388663,34.00776745,32.96310138,41.31319358,,
360,2.39E-05,0.126269684,15.10356513,34.11466409,33.14296025,41.3987909,,
361,2.42E-05,0.121999741,14.75089463,34.24722189,33.33280793,41.48802422,,
362,2.44E-05,0.117784344,14.4137323,34.39979492,33.53024535,41.57992301,,
363,2.46E-05,0.113626639,14.09119006,34.56837002,33.73393189,41.67497582,,
364,2.47E-05,0.109529914,13.7803597,34.7440807,33.94038823,41.77284313,,
365,2.49E-05,0.1054964,13.4794704,34.9223288,34.14779268,41.87322766,,
